cave,sample_id,Ra_um,Rz_um
sudama,1,0.588,9.7
sudama,2,0.549,10.62
sudama,3,0.593,9.011
sudama,4,0.548,9.424
sudama,5,0.495,9.705
sudama,6,0.507,10.227
sudama,7,0.538,9.561
sudama,8,0.522,9.667
sudama,9,0.575,9.397
sudama,10,0.516,9.073
sudama,11,0.372,9.827
sudama,12,0.543,9.129
sudama,13,0.613,8.773
sudama,14,0.502,9.406
sudama,15,0.577,10.235
sudama,16,0.508,9.689
sudama,17,0.456,8.51
sudama,18,0.483,9.578
sudama,19,0.562,10.101
sudama,20,0.481,9.349
lomas_rishi,1,0.448,8.79
lomas_rishi,2,0.415,10.475
lomas_rishi,3,0.475,9.281
lomas_rishi,4,0.437,9.889
lomas_rishi,5,0.419,9.394
lomas_rishi,6,0.455,9.693
lomas_rishi,7,0.474,8.91
lomas_rishi,8,0.499,9.714
lomas_rishi,9,0.503,9.651
lomas_rishi,10,0.468,9.319
lomas_rishi,11,0.466,9.32
lomas_rishi,12,0.459,8.637
lomas_rishi,13,0.509,9.299
lomas_rishi,14,0.418,9.731
lomas_rishi,15,0.455,9.526
lomas_rishi,16,0.536,9.564
lomas_rishi,17,0.557,8.883
lomas_rishi,18,0.52,9.158
lomas_rishi,19,0.456,9.211
lomas_rishi,20,0.484,9.528
karna_chaupar,1,0.442,9.95
karna_chaupar,2,0.523,8.732
karna_chaupar,3,0.574,10.448
karna_chaupar,4,0.559,9.41
karna_chaupar,5,0.446,10.027
karna_chaupar,6,0.48,10.111
karna_chaupar,7,0.51,9.988
karna_chaupar,8,0.518,9.853
karna_chaupar,9,0.501,10.393
karna_chaupar,10,0.506,9.701
karna_chaupar,11,0.594,8.826
karna_chaupar,12,0.436,9.985
karna_chaupar,13,0.441,10.472
karna_chaupar,14,0.479,9.126
karna_chaupar,15,0.596,10.24
karna_chaupar,16,0.593,9.953
karna_chaupar,17,0.457,10.455
karna_chaupar,18,0.487,9.901
karna_chaupar,19,0.547,9.422
karna_chaupar,20,0.531,9.961
